<?xml version="1.0" encoding="utf-8"?>
<extension type="component" version="3.2.0" method="upgrade">
 
	<name>COM_AUDITREPORTS</name>
	<!-- The following elements are optional and free of formatting constraints -->
	<creationDate>14 Nov 2022</creationDate>
	<author>Geoff Markley</author>
	<authorEmail>geoffm@labyrinth.net.au</authorEmail>
	<authorUrl>http://www.ormondskiclub.com.au</authorUrl>
	<copyright>Copyright Info</copyright>
	<license>License Info</license>
	<!--  The version string is recorded in the components table -->
	<version>1.8.04</version>
	<!-- The description is optional and defaults to the name -->
	<description>COM_AUDITREPORTS_DESCRIPTION</description>
	<install> <!-- Runs on install -->
		<sql>
			<file driver="mysql" charset="utf8">sql/install.mysql.utf8.sql</file>
		</sql>
	</install>
	<uninstall> <!-- Runs on uninstall -->
		<sql>
			<file driver="mysql" charset="utf8">sql/uninstall.mysql.utf8.sql</file>
		</sql>
	</uninstall>
 
	<update> <!-- Runs on update; New since J2.5 -->
		<schemas>
			<schemapath type="mysql">sql/updates/mysql</schemapath>
		</schemas>
	</update>
 
	<!-- Site Main File Copy Section -->
	<!-- Note the folder attribute: This attribute describes the folder
		to copy FROM in the package to install therefore files copied
		in this section are copied from /site/ in the package -->
	<files folder="site">
		<filename>index.html</filename>
		<filename>auditreports.php</filename>
		
	</files>
 
	<administration>
		<!-- Administration Menu Section -->
		<menu link='index.php?option=com_auditreports'>COM_AUDITREPORTS_MENU</menu>
		<submenu>
		<menu link="option=com_auditreports&amp;view=membersummary" view="membersummary"
				img="class:auditreports-membersummary" alt="AuditReports/MemberSummary">COM_AUDITREPORTS_MEMBERSUMMARY</menu>
		<menu link="option=com_auditreports&amp;view=memberbalances" view="memberbalances"
				img="class:auditreports-memberbalances" alt="AuditReports/MemberBalances">COM_AUDITREPORTS_MEMBERBALANCES</menu>
		<menu link="option=com_auditreports&amp;view=memberbookings" view="memberbookings"
				img="class:auditreports-memberbookings" alt="AuditReports/MemberBookings">COM_AUDITREPORTS_BOOKINGS</menu>
		<menu link="option=com_auditreports&amp;view=membermovements" view="membermovements"
				img="class:auditreports-membermovements" alt="AuditReports/MemberMovements">COM_AUDITREPORTS_MOVEMENTS</menu>
		<menu link="option=com_auditreports&amp;view=subssummary" view="subssummary"
				img="class:auditreports-subssummary" alt="AuditReports/SubsSummary">COM_AUDITREPORTS_SUBSSUMMARY</menu>
		<menu link="option=com_auditreports&amp;view=committeeinfo" view="committeeinfo"
				img="class:auditreports-committeeinfo" alt="AuditReports/CommitteeInfo">COM_AUDITREPORTS_COMMITTEEINFO</menu>
		</submenu>
		<!-- Administration Main File Copy Section -->
		<!-- Note the folder attribute: This attribute describes the folder
			to copy FROM in the package to install therefore files copied
			in this section are copied from /admin/ in the package -->
		<files folder="admin">
			<!-- Admin Main File Copy Section -->
			<filename>index.html</filename>
			<filename>auditreports.php</filename>
			<filename>controller.php</filename>
			<!-- SQL files section -->
			<folder>sql</folder>
			<!-- tables files section -->
			<folder>tables</folder>
			<!-- models files section -->
			<folder>models</folder>
			<!-- views files section -->
			<folder>views</folder>
			<!-- controllers files section -->
			<folder>controllers</folder>
			<!-- helpers files section -->
			<folder>helpers</folder>
		</files>
		<languages folder="admin/language">
        		<language tag="en-GB">en-GB/en-GB.com_auditreports.ini</language>
                <language tag="en-GB">en-GB/en-GB.com_auditreports.sys.ini</language>
		</languages>
	</administration>
 
</extension>